baseline,workload,container,threads_per_role,total_worker_threads,elements_per_round,unit,mean_round_ns,mean_round_95ci_low_ns,mean_round_95ci_high_ns,million_units_per_second,million_units_per_second_95ci_low,million_units_per_second_95ci_high
vm-a,object_pool,sharded,1,1,20000,cycles,1065318.4415732853,1051566.2376081871,1079295.0663212861,18.77372926208202,18.530613753446335,19.01924889248107
vm-a,object_pool,sharded,4,4,80000,cycles,4557252.352493383,4084641.831092697,5045508.22392711,17.554437150321522,15.855687167571984,19.585560572540803
vm-a,object_pool,sharded,8,8,160000,cycles,5547047.188732393,5245736.831459496,5885356.86730463,28.84417502793285,27.18611693521257,30.500958233446866
vm-a,object_pool,lockfree_lifo,1,1,20000,cycles,442398.28377761936,436003.2664396283,449868.65460506285,45.20813197831801,44.457420616597275,45.871215973491616
vm-a,object_pool,lockfree_lifo,4,4,80000,cycles,19354486.507757995,18366899.59123324,20272155.06056991,4.1334085493786175,3.9462997279259646,4.35566164025773
vm-a,object_pool,lockfree_lifo,8,8,160000,cycles,52482661.95,50429767.73541667,54450007.20458333,3.0486258519514746,2.9384752769423326,3.1727292665604026
vm-a,object_pool,mutex_vec_lifo,1,1,20000,cycles,252700.62610792235,247819.80968826247,257842.7247817306,79.14503540429885,77.56666400779945,80.7037985589546
vm-a,object_pool,mutex_vec_lifo,4,4,80000,cycles,7053350.023947982,6639323.706564018,7462898.792333219,11.342128170072224,10.719695151458513,12.04942002163675
vm-a,object_pool,mutex_vec_lifo,8,8,160000,cycles,10798495.214916812,9794168.778876556,12523198.455411153,14.816879279529559,12.776288786740862,16.33625105022469
vm-a,object_pool,segqueue_fifo,1,1,20000,cycles,372574.50731673633,362256.4026889246,384129.16824654373,53.68053800577779,52.065819659816874,55.20951417710158
vm-a,object_pool,segqueue_fifo,4,4,80000,cycles,1268153.8177720665,1247997.5869244318,1294074.123202148,63.08383011498288,61.82026096159189,64.10268804858204
vm-a,object_pool,segqueue_fifo,8,8,160000,cycles,2584719.267968376,2505206.313362158,2694377.266690721,61.902273868899556,59.382923831047115,63.866995363455345
vm-a,object_pool,arrayqueue_fifo,1,1,20000,cycles,246441.47886533345,242695.18552643017,250294.36834383517,81.15516954403965,79.90591291501029,82.40789761287598
vm-a,object_pool,arrayqueue_fifo,4,4,80000,cycles,9959884.981737848,8235858.243066877,11678629.944877213,8.03222127029435,6.85011858219651,9.713620322125593
vm-a,object_pool,arrayqueue_fifo,8,8,160000,cycles,34091421.400000006,31275275.797750004,36750960.1415,4.6932628042314475,4.353627752416853,5.115862160087191
vm-a,mpmc,sharded,1,2,20000,items,2183696.8389332173,1984788.9241983222,2421029.0489791245,9.158780487941003,8.260950032149925,10.07663825415502
vm-a,mpmc,sharded,4,8,80000,items,9046845.00073177,7829933.410904568,10574441.270846365,8.842861792539725,7.565411538154668,10.21720055608466
vm-a,mpmc,sharded,8,16,160000,items,19713045.409392253,18821457.28206591,20460427.334907964,8.116452667621221,7.819973521619494,8.500935799081645
vm-a,mpmc,lockfree_lifo,1,2,20000,items,2712875.6940000528,2406850.331133396,3018459.05892419,7.372250798012278,6.625897389884827,8.30961516023388
vm-a,mpmc,lockfree_lifo,4,8,80000,items,14950480.241267765,13820752.778367503,16226417.590725744,5.350998677565972,4.930231799637909,5.7883967163653685
vm-a,mpmc,lockfree_lifo,8,16,160000,items,40113751.730000004,38839015.5065,41248747.15100001,3.9886570839082167,3.8789056892876093,4.119568890030768
vm-a,mpmc,mutex_vec_lifo,1,2,20000,items,1662385.283243054,1606819.0648642832,1724468.1500091595,12.030905351245124,11.59777871217498,12.446952141241404
vm-a,mpmc,mutex_vec_lifo,4,8,80000,items,12128310.563748417,11499588.939955438,12760094.993958645,6.59613716020106,6.269545801804497,6.956770404378473
vm-a,mpmc,mutex_vec_lifo,8,16,160000,items,28067622.23,26605538.065499995,29452596.7605,5.700518508083112,5.432458173419265,6.013785536157814
vm-a,mpmc,segqueue_fifo,1,2,20000,items,436856.5289183939,409068.2469431556,468367.9424797153,45.781620912288254,42.70147075846504,48.891597305471656
vm-a,mpmc,segqueue_fifo,4,8,80000,items,1148414.7899380592,1127997.1708579801,1172370.497551013,69.66124147906078,68.23781404181828,70.9221636958098
vm-a,mpmc,segqueue_fifo,8,16,160000,items,2305268.60582536,2222558.870574226,2416471.0714388057,69.40622866926819,66.21225550394585,71.989094245527
vm-a,mpmc,arrayqueue_fifo,1,2,20000,items,503486.4587755899,481731.0288035244,529933.0374255887,39.72301469365683,37.74061737528174,41.51694369713741
vm-a,mpmc,arrayqueue_fifo,4,8,80000,items,2381547.2148603587,2003631.6206446078,2796204.592372731,33.59160780051584,28.610209788732117,39.92749923474577
vm-a,mpmc,arrayqueue_fifo,8,16,160000,items,10836831.920492735,9381399.610742018,12190754.47080492,14.764462637593907,13.124700393497111,17.055024478095426
vm-b,object_pool,sharded,1,1,20000,cycles,1086212.446875926,1068686.9923132877,1110081.5963337834,18.412604327562565,18.016693607076366,18.71455360068326
vm-b,object_pool,sharded,4,4,80000,cycles,4957915.767828265,4593712.66083476,5274155.839018524,16.13581265722929,15.168304168821702,17.415107540806122
vm-b,object_pool,sharded,8,8,160000,cycles,6053976.028317292,5505653.853643714,6660099.784355825,26.428912049140067,24.0236640862094,29.061035120126537
vm-b,object_pool,lockfree_lifo,1,1,20000,cycles,456289.8879246052,441317.7412398439,476840.5996580349,43.83178441882255,41.94273728860955,45.318821635884696
vm-b,object_pool,lockfree_lifo,4,4,80000,cycles,18088814.340394348,17030976.48256334,19005723.20142725,4.4226226492551834,4.209258398227768,4.697323144207593
vm-b,object_pool,lockfree_lifo,8,8,160000,cycles,51839066.7875,49820369.768125,53819759.240624994,3.0864753151494027,2.972885837051953,3.2115377855418443
vm-b,object_pool,mutex_vec_lifo,1,1,20000,cycles,254193.94116918067,247539.000651239,262253.5359288942,78.68008146853843,76.26207947649056,80.79534920712662
vm-b,object_pool,mutex_vec_lifo,4,4,80000,cycles,5831264.925814347,5519125.727456197,6233836.505585049,13.719150307482874,12.833188667737117,14.495049388351685
vm-b,object_pool,mutex_vec_lifo,8,8,160000,cycles,11655167.113127481,11269532.963782141,12077645.976102829,13.727816894172916,13.247614668999283,14.197571497790161
vm-b,object_pool,segqueue_fifo,1,1,20000,cycles,335293.123404691,330506.0082029677,340372.2706694103,59.64929968414671,58.75919316419634,60.51327208465681
vm-b,object_pool,segqueue_fifo,4,4,80000,cycles,1361347.4208702845,1313007.5240384424,1422016.2556532512,58.76530764561001,56.25814731861085,60.928820692468285
vm-b,object_pool,segqueue_fifo,8,8,160000,cycles,2798981.1910961485,2678888.4069759254,2935674.6069304324,57.16365672944738,54.50195318727692,59.72626541044189
vm-b,object_pool,arrayqueue_fifo,1,1,20000,cycles,253218.25619318552,246023.73690485465,261408.15757576982,78.98324670849001,76.50870648213397,81.29296892898854
vm-b,object_pool,arrayqueue_fifo,4,4,80000,cycles,8423859.411155816,6682805.380729535,10144554.652169239,9.496834656814793,7.8860041414329975,11.971020468542617
vm-b,object_pool,arrayqueue_fifo,8,8,160000,cycles,12466715.715598604,10621587.417673029,14673115.444356948,12.834174104074965,10.904296405678013,15.063661739843093
vm-b,mpmc,sharded,1,2,20000,items,1959143.6417357556,1881256.203067188,2048744.4877360605,10.208541923082509,9.762076295859007,10.63119418152197
vm-b,mpmc,sharded,4,8,80000,items,8305232.156082901,7214809.0008843215,9439303.709486777,9.63248209039004,8.475201398552063,11.088304623198532
vm-b,mpmc,sharded,8,16,160000,items,19561465.129190497,18800195.331517242,20213464.90712115,8.179346431532922,7.915515758193065,8.510549873477695
vm-b,mpmc,lockfree_lifo,1,2,20000,items,3245286.5909983306,3007004.975147694,3474060.3999146577,6.162783914208176,5.7569522972287155,6.6511363184617505
vm-b,mpmc,lockfree_lifo,4,8,80000,items,14656355.99983168,13918763.455431152,15374017.829853779,5.458382697644541,5.203584442620675,5.74763701216459
vm-b,mpmc,lockfree_lifo,8,16,160000,items,41929035.75000001,40647535.18375,43227608.98575,3.815971370150099,3.7013381899689173,3.936278036951291
vm-b,mpmc,mutex_vec_lifo,1,2,20000,items,2044743.7482933055,1972726.011555538,2115520.2615732816,9.781176744857873,9.453939233428232,10.138255329349846
vm-b,mpmc,mutex_vec_lifo,4,8,80000,items,12237000.901609465,11885557.347989427,12580954.085786955,6.537549571437724,6.35881821477897,6.73085810431371
vm-b,mpmc,mutex_vec_lifo,8,16,160000,items,31000391.080000002,29529203.7415,32234065.73825,5.161225211227238,4.963692799389522,5.418364863497414
vm-b,mpmc,segqueue_fifo,1,2,20000,items,473491.78713895066,428955.6932931313,532621.9206630039,42.239381005632545,37.55008801572445,46.62486199089283
vm-b,mpmc,segqueue_fifo,4,8,80000,items,1129880.0282777096,1099246.2145312156,1162600.971050997,70.80397741160627,68.81122757680102,72.77714395779547
vm-b,mpmc,segqueue_fifo,8,16,160000,items,2248912.625729158,2185534.0238665687,2320407.888612827,71.14549412435429,68.95339426537215,73.20865209727265
vm-b,mpmc,arrayqueue_fifo,1,2,20000,items,552607.4400446282,512311.45832083747,592048.5396514663,36.192057056605705,33.78101398877501,39.03875206217798
vm-b,mpmc,arrayqueue_fifo,4,8,80000,items,4663164.290037327,4379401.650024165,4952849.385637664,17.15573267939904,16.15231834668444,18.26733567576716
vm-b,mpmc,arrayqueue_fifo,8,16,160000,items,14620440.296345744,12971524.948243886,16187087.627034957,10.94358287143997,9.884421687615696,12.334710116073218
